Age,Stress Level,Daily Exercise Hours,Daily Sleep Hours,Probability of Developing Depression
34.96714153011233,7.798710873172004,1.1624108625128091,6.0921924421226095,0.09320844419976179
28.617356988288154,6.849267365825538,1.427740664642241,7.139614989220498,0.04279689763989581
36.47688538100692,5.119260739840349,1.1037900395000193,7.586394466578356,0.027177019812718556
45.23029856408026,3.706126444588852,1.3460192351804798,9.88768765734019,0.10230298564080258
27.65846625276664,6.39644662722718,0.5531926665231072,8.556553124533758,0.014631042546696983
27.658630430508193,5.786970770843499,1.6066468536864693,6.664518430900109,0.040064447072996744
45.79212815507391,6.790386440055465,1.5006027376811122,8.486036289417637,0.12372901035184841
37.67434729152909,6.270343603363939,1.0914556844659047,6.452696011061635,0.07856946465072062
25.305256140650478,7.09910543063867,1.8296228342162024,9.082691053887073,0.021982108612773405
35.42560043585965,3.9295295768788643,1.968785068813279,7.528875348182122,0.01838974391313285
25.365823071875376,7.634788131268651,0.6962200678155129,7.906363811260829,0.04006154727031547
25.34270246429743,5.395199209384799,1.118637610716893,9.325796647542191,0.0
32.41962271566034,9.150521745250531,1.1154288251063509,6.7128364314157505,0.1016253419625381
10.86719755342202,3.6216243638208643,1.0300484494455677,6.6028818148870085,0.04191354555338975
12.750821674869673,8.4719276063305,1.9147374209658743,7.416400673653995,0.06694653191699014
24.377124707590273,5.395821566925296,1.4030869306135982,9.038378851019317,0.0
19.87168879665576,3.6971639927711033,1.3677425793446947,6.480653924523158,0.04558038226430527
33.142473325952736,4.032228331891357,0.49806881779662326,5.167844401889431,0.09249363567636774
20.91975924478789,4.3593053836113596,1.8177090151046131,7.5488411415910015,0.013534765752269955
15.876962986647085,5.848331892803833,0.8803708025732637,8.55174079991092,0.0017944379614010441
44.65648768921554,6.0456709760709995,1.5299663151331642,9.200261749738829,0.09747829641357537
27.742236995134643,3.852599992122842,1.638688468979096,7.536838637914601,0.01389484086256198
30.67528204687924,4.951290815478035,2.1803292979193256,7.588573392883998,0.012342798213480072
15.752518137865433,9.284540717223727,0.845589800440444,9.153900734255748,0.06800696733786789
24.556172754748175,8.455086340201422,-0.009756077910412664,6.130258300304579,0.12034031896354726
31.10922589709866,5.872647339348064,1.5919247723768475,7.611479224816991,0.011655623255490273
18.490064225776973,5.076006956336401,2.400255590755427,8.190423889925057,0.0
33.75698018345672,5.240062653436523,2.1194731764697186,8.449218721285034,0.0
23.99361310081195,6.227035945460833,1.6048297076373128,7.490193306809117,0.01983491970494314
27.083062502067232,2.954414869603189,1.2541819071839764,8.034441011705841,0.0
23.98293387770603,4.48524692515331,1.9035612983186552,5.5116726465870105,0.07464982060238969
48.522781845089376,1.662831852244821,1.0132269001477656,7.341751587666152,0.15497527082090923
29.865027752620662,5.798446245210559,1.7381788846781097,8.453508712554468,0.0
19.422890710440996,6.294391879405482,1.7527350795833134,7.0177059657453205,0.03535665861575002
38.225449121031886,4.033627075401252,2.03010495374944,8.058984221589597,0.03225449121031886
17.791563500289776,8.147973526580065,2.8798300194555386,8.446872500802698,0.042959470531601304
32.08863595004755,2.5484686739953175,1.6962079835893835,7.657450799142235,0.010276476025732952
10.403298761202244,2.0712502395803596,1.2455181871462506,8.170463770996571,0.0
16.718139511015693,5.448903637119944,1.4872128439040029,7.037267434715388,0.028881976958538357
31.968612358691235,7.094196605224309,0.6154620475554409,7.793388720303954,0.033850339782035964
37.38466579995411,8.367855382915737,1.152643434455471,8.610216169589222,0.0712037656578558
31.713682811899705,4.0822314742621195,1.295358780943448,8.156972960968433,0.0
28.843517176117594,7.157361666862592,1.2379558010327036,7.4134687304360645,0.0407431714241699
26.988963044107113,4.922983060998585,1.576177436016861,8.224216404290793,0.0
15.214780096325725,4.654745400118361,1.0887900338088996,8.714609790636619,0.0
22.801557916052914,6.767319874973345,2.0605153336622357,5.950058721422522,0.07684463585679124
25.393612290402125,6.304645756826839,1.5001035324590986,9.159074064955897,0.006092915136536785
40.57122226218915,1.8472156860315012,1.4953498394306928,7.663745261318928,0.06579986478232369
33.43618289568462,7.9530806994517915,1.336052641743541,8.42548993324023,0.03906161398903583
12.36959844637266,7.760182708294903,1.5775953419294895,9.197246923645228,0.03520365416589806
33.24083969394795,3.748874596980941,1.9125491323338173,6.628326302769534,0.041150210916913975
26.149177195836835,5.791607066874818,1.06643489214455,7.290558997572454,0.021283230072826384
23.230779996940413,5.988060372565478,1.1709417554623718,7.711451304124295,0.008656460876271152
36.11676288840868,5.521347531647814,1.3481369856116676,7.216246478875572,0.03468023451781963
40.30999522495951,3.8993896923091595,0.8270645382633925,9.734936575836809,0.05569398417564419
39.31280119116199,3.656753264123897,1.090371070139251,7.143227906173207,0.06883117472642367
21.607824767773614,4.9488918580171095,1.2618895632276705,7.444453220513133,0.016666403384606
26.907876241487855,7.345458038518729,1.9371945903563637,8.204389031602977,0.02690916077037459
33.31263431403564,6.087200309188865,1.6312806645009625,6.797850473923911,0.03780849196605996
39.75545127122359,4.258771335827788,1.5967949556837722,7.604319288243736,0.05942493406492384
25.2082576215471,6.54339742129669,1.925448981083986,8.317453261250176,0.010867948425933794
28.143410233361827,-0.6970852412601509,1.4313141058003016,7.667139595617488,0.009985812131475348
18.936650259939718,7.297531400744207,1.6952324249644448,7.906613141100052,0.028752233781882585
18.037933759193294,1.5205724424438007,1.4483891235337518,7.470667887551629,0.01587996337345112
38.125258223941984,4.275118117193736,1.6326811746998142,6.485529690819233,0.07668669151484286
43.56240028570823,2.7606602107477123,1.208620671194209,8.321593211339238,0.08562400285708228
29.27989878419666,2.4106370485581885,0.28059142086178546,9.754933071647242,0.01079112868707322
40.03532897892024,7.321653574757039,1.432860418906848,8.018401630783439,0.07678636128434319
33.61636025047634,4.064597597376217,2.2113740680499703,8.22526411724755,0.0
23.548802453948756,5.693007763461432,1.9631077011207962,8.69272275511686,0.0
33.61395605508414,4.906158842241632,1.9826987422955853,6.730669503453301,0.03807991489640097
45.38036566465969,5.954081654446243,2.118065360903109,9.702514658129605,0.10380365664659692
29.641739608900483,5.15364378212051,1.5443287954807188,8.202328796422803,0.0
45.64643655814006,2.4340155516228608,1.5986578537027978,9.631856899089108,0.1064643655814006
3.8025489591025554,6.99253363889428,1.191174052282825,7.266967004476011,0.04184166264360527
38.21902504375224,4.012486833677375,1.341963571986475,9.818061922557824,0.0321902504375224
30.87047068238171,1.886836202680498,1.807885574885571,8.775155494034783,0.0
27.009926495341325,4.143769678068175,2.101942218584408,8.55304008585236,0.0
30.917607765355022,8.00151958126862,1.4302768621595003,8.234024454353149,0.04003039162537242
10.124310853991073,6.7004434842269855,1.2749053675742943,7.75147138192555,0.021464728226773203
27.80328112162488,4.302695731184282,1.5002639794282986,9.200531658473873,0.0
33.57112571511746,4.301484591363143,1.8006033744645573,8.140359869848046,0.0
44.77894044741516,4.356729897565235,0.7780725919332291,6.0329302964128475,0.16013040670276774
24.817297817263526,9.153495967121682,0.35190952343138093,6.882813538292997,0.106306870342173
21.915063971068122,5.763870904463107,1.2247315752542083,7.814154247807252,0.005575372565782431
24.982429564154636,5.8600832943821395,0.8896437870429207,8.309998983165555,0.0016553431943561897
39.15402117702074,7.060566908063684,1.2459299011763445,7.943411511100104,0.06444920459847796
33.287511096596845,5.477578318053027,1.4261098405912642,9.218970789793664,0.0
24.702397962329613,4.481915708358594,1.2733757954884932,6.048898135961375,0.058533055921158754
35.13267433113356,4.607300301830043,2.2262337672353727,8.14358793650516,0.0013267433113355765
30.970775493480403,4.856797481171872,1.66337238230116,6.1820207746128455,0.05453937676161463
39.68644990532889,4.925555526980316,1.6502371798054143,8.759712295484169,0.046864499053288926
22.979469061226474,6.4552590872739595,1.811103572021701,7.905541285557997,0.011938943178739274
26.723378534022316,5.103891771614599,0.9305834411096154,8.419609972024118,0.0010412483833557684
26.078918468678424,6.465280154431158,2.0195558937101343,7.136117039410234,0.03522209190631616
15.364850518678814,4.838566839782835,1.4621178567322701,9.27946493165775,0.0
32.96120277064576,5.157270380632181,1.8352403086206062,9.041724664058851,0.0
32.610552721798896,1.0035986309357847,0.9640713834799223,8.583544303011887,0.0005389292478011659
30.051134566424608,6.832655349404963,0.7231206169919678,7.870482753136559,0.024691815139122955
27.654128666248532,5.692976951795986,1.9089448290125144,8.579857285295132,0.0
15.846292579495858,6.996020219719305,1.6882047630487582,7.293107432012651,0.04112718143400655
25.79354677234641,-0.7925107563873786,1.0489742228212449,8.855555659020713,0.0
26.572854834732304,9.176749409561456,1.0651684593626527,9.64948089432392,0.06353498819122912
21.97722730778381,4.720820743689653,2.062717392207385,9.070610559979187,0.0
28.38714288333991,7.216365633475033,0.9052940535663361,7.27039753019259,0.04763597596022791
34.040508568145384,2.9201881457489383,2.3213364766279816,8.361417317273103,0.0
48.8618590121053,6.225547810125139,1.0496896326760656,6.706858456241353,0.1819237926363152
31.74577812831839,2.8931688736526877,1.8191959628041916,8.572390311175676,0.0
32.57550390722764,3.7524620786083895,1.3356907621255076,8.450603412862538,0.0
29.255540842338327,8.828062707733572,1.8015937155411716,6.130183660467836,0.11265574434063637
10.812287847009586,4.6186351984733065,1.2279429989429036,6.838216156087636,0.034853515317370916
29.73486124550783,5.434865746359446,1.418603546963853,7.716861103256233,0.00849416690231302
30.602302099410263,6.740135461377508,1.5204595876978606,7.6991402528591735,0.023828501641774958
54.63242112485286,5.991363775945209,0.9989062721092636,6.790523064581195,0.2326249252294538
28.076390352188774,5.3008378102871525,1.8704121727100629,8.388978729352184,0.0
33.015473423336125,5.729922004932451,1.2433932167642074,8.251473608940511,0.0
29.652882302947567,9.80683117047655,1.3857000423299908,7.805730868021481,0.08196469736888655
18.313219623804677,4.884762405932829,1.0028253126957438,7.244208499841637,0.022673745004750893
41.42822814515021,5.402198093429935,0.21883317060234475,9.048707126416563,0.07599978389246691
37.519330326867745,7.1013087920152245,1.4044861186999156,9.655407113088295,0.04721947910898194
37.910319470430466,7.211051865915968,2.706307710806458,7.516438516153463,0.06783107653802012
20.90612545205261,7.37406061112076,1.892302143949012,7.387833082845179,0.04584621973705983
44.02794310936099,6.277460444058369,1.4903698101328027,8.491207665411997,0.09582863997477728
15.981489372077192,2.713990174539033,1.368554585395866,7.641970620253014,0.01074088139240958
35.868570938002705,8.266863064602191,1.5112329464060232,7.860602799336766,0.0582048866919679
51.90455625809979,2.707309213962624,1.773559557587605,8.73965315172467,0.16904556258099787
20.094636748693116,5.605270930478066,0.9095935923455776,6.090643912492707,0.058636778740035124
24.33702270397228,3.4914482999612844,2.057160847334436,9.31830232485267,0.0
30.996513650876413,4.871723306814015,1.857690657720622,8.072680524329341,0.0
24.965243458838007,5.657524820606961,1.8590928628539674,7.58850685543782,0.012344794336865403
14.493365689338674,5.642714430900546,1.7192378694048636,7.910765845778551,0.002677024626643476
30.685629748060272,5.84384150847057,1.509808328846995,7.962429355020519,0.001127119349384431
19.37696286273895,8.227422538117294,1.83643061798341,6.268798696555074,0.09648448986569363
34.73592430635182,5.90706860302796,1.7959070668706891,9.494938227453236,0.0
20.80575765766197,4.511686729418702,1.3229796445294881,8.041325632270619,0.0
45.499344050175395,6.928174336576714,1.2131991135515494,8.443002130447375,0.12355692723328823
22.167467076637628,7.378940977849281,1.5509281476309933,8.951549770574044,0.027578819556985615
26.779384837943244,2.544784369726015,2.274510075747594,6.9788375424397,0.030634873726809005
38.135172173696695,6.194800139699716,0.8804464621730496,8.473471899035228,0.03704102759836552
17.69135683566045,6.402345484621796,0.76623736712378,7.732358909101206,0.01958258191254304
32.27459934604129,4.404872993280016,1.5823804206182583,8.846770775216493,0.0
43.07142754282428,7.751413626623239,1.525443850928009,5.872772579648505,0.17955937057125249
13.925167654387725,4.699888825934947,1.586670832185204,7.900905699758731,0.0029728290072380758
31.846338585323043,5.2511529069430845,1.62197659895425,7.397179344216038,0.01808461967351885
32.598827942484235,4.65385635143226,1.3883988726825975,8.432262950634156,0.0
37.8182287177731,5.031158095162935,2.244931719301041,8.470044187368202,0.028182287177731028
17.63049289121918,2.8074498262095964,0.6995480107617422,7.292374105177974,0.025735556683234656
16.795433869157236,2.1198982348114113,1.085751487609877,7.287826135823956,0.021365215925281306
35.21941565616898,8.189010126449944,1.4483726199254763,7.88933463144267,0.049294320147408525
32.96984673233186,3.3060773033633444,0.6784055944229164,7.103357772684792,0.031723182903112504
32.504928503458764,3.0172153010873854,1.4120727977839644,8.841983695452127,0.0
33.46448209496975,0.6932197727925704,2.330735082864009,7.6307927995525535,0.011076216013423394
23.199752784215093,3.7220765046209956,1.510443244147981,5.093011780678358,0.08720964657964926
32.322536971610035,2.3538204131850033,1.6153504528593416,7.625177943378194,0.011244661698654177
32.93072473298681,8.284030320272738,0.8699176174137099,6.961456179156028,0.07878815676956827
22.85648581973632,7.019634178685268,1.1918192959802614,6.3687241845390545,0.06933095803753372
48.65774511144757,3.6236993096445524,1.3124018098380315,6.762573361777427,0.17370025026115285
34.73832920911788,9.504871610688618,1.341142451621883,8.10940847183297,0.07009743221377235
18.086965027973513,6.963530973983189,2.1408218975018842,9.328640828248231,0.019270619479663777
36.5655360863383,4.350337232982755,1.7788455303625623,8.31318447386498,0.01565536086338298
20.253183297726785,0.0011885702528537934,0.944271021531484,7.39349661178426,0.019031036323499926
37.87084603742452,9.581885145181484,1.6232523892160025,8.455904195170703,0.10034616327787489
41.58595579007404,2.220855066472808,1.7491108742483925,7.540909689781008,0.07963226720731013
21.793176816482895,1.7092025060862164,2.070074519260633,7.305399630836855,0.020838011074894344
39.63376129244322,7.045140864019281,2.290270343284187,6.845637331767016,0.10187131025180733
34.12780926936498,9.879504812678546,0.9924529040860657,6.248171193248281,0.1302581668948315
38.2206015999449,7.768545637021036,1.0945712443948308,7.610076293440555,0.07927463993665308
48.967929826539475,6.12781824010472,0.8712110705426919,8.158053489920132,0.14416749700934875
27.546118839971296,6.189508683330572,1.3829900704465092,7.90337632998511,0.006688883767058131
22.462638356425103,6.706831117560616,1.7331791872231672,7.584033072052641,0.026615630189633085
21.104855703744768,6.5178571795735305,1.993667258294551,7.054253939303219,0.03872952541237403
21.841897150345616,5.562382847938752,1.4620244881787385,8.608246191684968,0.0
29.22898290585896,5.208402207903752,1.340076238372578,6.6828680800534155,0.039513957598397535
33.41151974816644,4.874813744200956,1.5758789961243702,8.776027913843475,0.0
32.766907993300194,3.4920708222666477,1.0824285491849885,6.997782981073275,0.03006651056780175
38.27183249036024,4.438649846266452,2.5447693608473867,7.247564762646965,0.05529138202419345
30.13001891877907,1.614086371609229,0.6961694864409707,6.533214809384323,0.048561013421855745
44.53534077157317,4.8033207464105,1.5923702894478622,7.498597853114363,0.11039547212230078
27.35343166762044,3.022817785698165,2.51180310961482,8.97531245847798,0.0
57.20169166589619,2.792821365568458,1.503399922279999,8.515628088443956,0.22201691665896192
36.25667347765006,5.359788302306957,1.4049804824992527,8.978422112028035,0.01256673477650061
21.428424435837172,7.784004572689199,1.3212772885947863,8.522142545933935,0.03568009145378397
19.291075019388877,6.836633212004626,1.4098041591187962,6.89633017146963,0.049842759096003615
34.824724152431855,1.858998792753646,2.186424237338265,7.669210775672442,0.00992367672982673
27.76537214674149,3.020743726859325,0.3940690443352466,7.219800870882537,0.032494938208495194
37.14000494092092,6.881542375976432,2.2667168506481628,9.33057490403904,0.03903089692873781
34.73237624573545,3.035025212923381,0.7880214237749275,6.803211353573689,0.03908333803616543
29.27171087343127,4.550733700005951,1.3666738353827925,8.89369768938911,0.0
21.53206281931595,6.100104198049104,1.285377789850669,8.89295387010877,0.002002083960982084
14.851527753141355,3.0633110902727294,1.7942766348853598,9.829620201716088,0.0
25.53485047932979,5.21075101229192,0.7009378240581262,7.590313407370503,0.016776530418013025
38.56398794323472,2.331949010163591,1.7310863330409714,8.712322159580163,0.03563987943234721
32.14093744130204,3.7972647120975727,2.512154811643426,10.281651836538842,0.0
17.54261221288012,5.639563868285074,0.8184129977035948,7.3823583230663035,0.021253055342456976
31.73180925851182,1.8140125329366614,1.5948530838051977,6.4649597524676405,0.04605120742597078
33.85317379728837,5.880949475920798,1.1690089111016955,6.119989966092236,0.05640030101723292
21.16142563798867,4.960724402146638,1.712943603096518,8.712712028861331,0.0
31.53725105945528,6.104979908834295,1.509573888707876,6.116849791941416,0.05859410441844343
30.58208718446,5.447828268129323,1.1792565454778452,7.627680947062077,0.011169571588137677
18.57029702169377,7.728280859947688,1.743936142435537,8.43731318703896,0.03456561719895376
33.577873603482836,5.250449005295814,2.4021740548933717,8.185175536829915,0.0
35.60784526368234,4.141188917749494,1.4045481041363506,8.425444864184172,0.006078452636823428
40.830512431752766,5.244595006064568,1.859878971074091,8.222289855800854,0.05830512431752766
40.53802052034903,6.086596058072776,0.8533635210644182,9.278865813313393,0.05931167354897954
16.22330632042909,5.0977201406514085,1.0217818115909956,7.047683619261203,0.0285694914221639
20.621749600848773,5.081183382407764,1.7362031389401886,7.3230048615414685,0.020309854153755948
35.1503526720866,3.5960166243864893,2.2420580142679825,7.227340554729176,0.02468331007899069
35.13785950912209,3.6741981648981037,1.67780667439283,8.83019181186261,0.0013785950912208733
35.150476863060476,2.194789456400613,1.3434709847384227,8.900398588395063,0.0015047686306047582
68.52731490654722,8.499153486373878,1.499645702711677,8.451225319318509,0.38525621879294975
35.70890510693167,2.51227352921743,0.8747961330151413,9.183493666889929,0.008967109074089548
41.35565640180599,3.6141896044081854,1.8022576631776834,6.821959132623619,0.09889779003935129
39.54001763493203,3.5631854688616054,1.9411665311617046,9.667224111551137,0.045400176349320275
36.51391251305798,6.789848753888883,1.2739548335834598,9.523238621712258,0.030936100208357475
26.847307553596544,4.410100643415944,1.2649789261202493,8.735621997245747,0.0
37.589692204932675,7.495484145347468,1.6329391148260242,9.78179890877106,0.0558066049562761
22.27174785462428,3.653018751512263,1.2816401319797022,6.343376792322227,0.049698696230333204
27.63181393259991,5.557988324447604,1.4669336926870888,7.475551863737348,0.015733444087879567
25.146364521708964,3.3293058934804853,2.549860894583258,7.264696539318048,0.022059103820458566
30.818741393863224,9.290298255546777,1.3764871496270017,8.721479323757343,0.06580596511093553
53.146585666735085,2.6248031619409744,1.3208299239893888,6.949859260397854,0.21297007885541522
11.327348074082519,5.619641420454055,1.1762290971824205,8.757495149337485,0.0
36.86260190374514,6.267553761864197,1.8720959857499684,9.370536143996713,0.023977094274735312
13.872841288103483,5.827598194902997,1.4093879133909486,8.695202900083999,0.0
25.280681342105666,4.629424682244584,1.175313480839287,8.283751023661502,0.0
40.889505969673664,4.740358600533147,2.160652016136506,7.012126659099251,0.08853125992375911
30.642800190954627,5.087622943958219,2.2098015022568185,7.1531490338746355,0.025405528983760934
19.222552220706937,4.705995996743023,1.1997882171306475,9.249618905296666,0.0
22.846962907400318,6.927758233589819,0.5667300243196919,8.779349003905333,0.025054214307001006
36.79597748934676,9.421046003182703,2.003756844918461,7.960980480622456,0.087551280538448
22.696333682828634,3.885016429984333,1.157685087119998,7.582090454234109,0.012537286372976731
32.16458589581975,2.2603940408418444,1.8953127995813843,5.974192126888623,0.06077423619334132
30.455718399038137,4.82343590329749,0.5149480911440822,6.929147581315561,0.039401351193371924
23.48399652394183,10.159418675308636,1.9462986691496547,9.911419087139723,0.08318837350617272
51.439440893253256,3.3926508640605384,0.8944140353596094,6.7195444289975335,0.20439186553221242
36.33919022318011,8.278233610888135,1.8653820595332622,8.18947982122108,0.05895657444956381
9.74857413342393,8.355401628152881,1.507136533918217,9.007443973195198,0.04710803256305763
31.864543147694278,3.892823516584011,1.0230302903016777,6.745077331997708,0.03764768004006877
23.38213535231612,6.137966158370551,1.2964818435366097,8.184710474781083,0.0027593231674110184
38.52433334796224,8.256793246257075,1.8431592284783505,8.937915537510655,0.08037919840476392
22.074792615672994,4.241744518025026,1.5529472265576172,8.012499321907251,0.0
28.85263558533101,4.592839279795276,1.792206490236242,10.868403055666768,0.0
35.049872789804574,3.8366381721027123,2.4882202922577425,6.331400741121804,0.05055670566439161
38.657551941701215,2.9704865386142663,0.7178791941444743,9.05872852988388,0.040807331504845036
17.997035929442237,3.701444909867986,2.308606287484312,7.8271982626035355,0.0051840521218939365
26.654987641590516,2.552119466475487,1.5521779687616064,8.771920154836675,0.0
25.25054688839044,5.068166936518452,1.050607975838436,8.441307151699245,0.0
23.46670767426288,3.4600535378827164,0.8348431871305051,7.266843802890003,0.024472038106342332
47.65454240281097,5.467571823581496,1.4054398046114833,8.22899639245934,0.12654542402810967
34.049817109609556,1.8882087075927454,1.9608250559622298,6.142098548601712,0.05573704354194863
17.391160456649548,5.661760464428914,1.4362254398112329,8.603247500571394,0.0
39.17861947054776,6.6670579232178495,2.2555774651236735,8.298158465990525,0.055127353169834574
51.22156197012633,1.0125287148570892,0.7744121549742206,8.638660168643103,0.16559943737665
40.32465260551147,5.748113139695144,1.4939555260769728,9.05811832508715,0.05324652605511467
14.806300340459867,7.455337984946585,0.8738032777934405,8.367619840209711,0.03099971053203009
25.157659271337486,2.580717962617589,1.681815941312484,8.148089419798277,0.0
42.669111491866225,8.345144773675408,1.9434436950486502,7.118931663338707,0.15002606049200917
22.923305343812192,5.838038018732091,1.2896191031594735,7.287779236350949,0.021366622909471528
34.43819428146229,3.5899762884831823,0.1978930716864329,9.186734620177331,0.012031603924703507
37.74634053429337,4.8884618446845876,1.5994740733982473,9.436335405705979,0.027463405342933667
20.73069528421917,6.116653825043445,1.7183692758667548,7.761889563687946,0.009476389590230507
29.404746439382,5.152010782824823,1.7021473774808489,8.046002747253274,0.0
-2.4126734006907284,6.077511984892738,2.117891095911077,7.095385625006234,0.028688670947667756
19.756123586657104,3.1586528138412673,0.9644731601754756,9.172756845267445,0.0005329025973678664
27.474318486068398,5.3387216480721555,1.8401080527252247,8.665416823691778,0.0
17.522168180351507,2.1725710061900396,2.0962537562389874,9.941217436463749,0.0
46.32411303931635,4.7775478773026,0.6107062079967416,7.121676922820261,0.14543022958860458
15.698586220393674,3.1921847170704205,1.6598259129594886,7.621992100981783,0.011340236970546522
25.59955513303016,3.528940114820467,1.2479100844961644,8.231445922525573,0.0
31.307405772860914,7.472186350420875,1.459238663449177,8.64648953772577,0.029443727008417506
44.412732890661154,7.182620241188538,1.6738382417691682,7.784332362452368,0.12424976285681126
15.641378488205607,6.218276241814354,1.2563857179432238,7.127038909546299,0.030554357549898093
41.63163752154959,2.815374470654842,1.1621459604191942,8.881407528923571,0.06631637521549592
30.10233061019587,4.367183100610396,1.5170762087440124,8.721135362545581,0.0
20.18491348952049,7.426195399958367,0.9563770305685987,7.083725899436275,0.056666475557550104
34.62103474263271,5.28343382727981,0.9570874355574073,9.355442801105497,0.000643688466638891
31.990596955734702,9.63865907996339,1.8396866414782518,9.170198709196605,0.07277318159926778
23.997831228412053,5.786635678788744,0.925602982420672,8.134296497247792,0.0011159552636899207
30.69802084990019,5.3840982329800635,1.833156250454606,8.079597862376037,0.0
26.1468640313824,4.3817670715949975,1.7312956464269755,8.554057771115907,0.0
31.13517345251248,5.267081809564565,0.6370966356047016,7.138296929743742,0.03129464257361722
36.62130674521047,4.695060327238912,1.1612176738321724,8.030031479164082,0.01621306745210468
45.86016816145352,6.416217353377181,2.0970547015236862,5.84761645539082,0.18149753502035426
17.62184501173151,6.913404633589169,1.0094172344301593,8.876455645502936,0.01826809267178337
51.330333746562665,3.4280210789841012,1.2677978688453062,6.438506777558141,0.21014813413888242
10.479122004774982,2.337534092884444,1.7310304466259483,9.503419828429,0.0
28.482149049644168,1.3275892537934069,1.8916952546412977,7.669879906033549,0.009903602818993518
35.883172064845766,6.015982653825088,1.3742305569777522,7.7883330180688235,0.015501383182894709
32.809918677350325,2.793266787652253,1.2012449026541792,7.372266093915495,0.01883201718253516
23.773004801794063,0.6942188140950343,2.211184930849254,7.711961126077924,0.008641166217662288
27.918777496427246,5.7771572090619285,2.3694498318987893,9.418531345148036,0.0
25.069990653411672,9.985999034865582,1.9894290253908977,5.51219134346492,0.15435424039336404
24.106352430557884,4.987858176920214,1.5426590712825121,9.276965386088188,0.0
38.496020970210246,6.676981548903283,1.095867139179537,8.338023481101708,0.048499840680168126
33.57015485965047,5.16365871709513,1.0847777967217174,6.792978352142784,0.03621064943571648
23.07090404739346,4.8022206936177145,1.7612570526328788,6.924687606950762,0.032259371791477136
38.995998754332504,6.838152965975537,1.7091991104443418,9.676393027208203,0.05672304686283578
33.072995208766095,4.419450911622698,2.200799296473215,7.054493120057269,0.028365206398281932
38.1286211883896,5.534784628143806,1.8252250462680695,6.84664948940404,0.06588672720177481
36.29628841923612,5.643395612392027,0.748459849120091,9.137314542364729,0.016735986455559838
21.710049890779278,3.6638190927139025,2.025973808861459,8.338552876285915,0.0
24.398189598030307,6.984084699073046,1.0009696863427935,7.062074423463601,0.047819461277552884
37.472936051232615,4.650080486609182,1.3080143640238242,8.216624975404619,0.024729360512326153
36.10370265433465,3.4885096810143104,1.6251001031258472,6.9742473163597225,0.04180960705255479
29.790984060358518,6.073019687140807,2.4978337448919823,9.100821398422605,0.0014603937428161373
31.17327383308782,3.2030640364179255,3.0549592780026806,9.061370964873134,0.0
42.77664895788425,5.056362314738257,1.8033615295680914,8.532006198821943,0.07776648957884248
24.084286111641703,4.981762006711593,1.408401690639806,8.361661061247016,0.0
35.470973811700375,7.171791131663156,1.7672528242402752,9.761188124867374,0.028145560750266866
27.97807347566106,5.949396465759905,1.9438277129369181,7.9996863273882255,9.41017835323521e-06
27.823187967727797,4.949946082509713,1.3396661872214042,6.818125874579199,0.03545622376262404
40.9877685198719,6.635532598400574,2.397605677956161,8.449473912832307,0.07258833716673047
38.2541634898803,7.780415098034627,1.615035379595701,10.086047049537115,0.06814993685949552
38.135096360006386,6.115620612703724,1.748871544545697,6.985240506814148,0.0641061606497139
43.05478807154329,5.0207052396867615,1.8329621260272306,7.638537233306014,0.0913917637162525
30.210038416327592,2.376327535299681,1.7107933053072277,8.416446038101453,0.0
36.81952971294964,2.869772673849255,1.9194702502348062,7.946095150994261,0.019812442599668544
26.89733243406544,4.389550591290664,1.1913734067265385,7.017696419622686,0.029469107411319424
33.24166352488442,3.7809755956814337,1.2208491230269847,9.12185785623047,0.0
28.698569456323153,4.626057394029108,0.9499228835141525,10.320040722017259,0.0007511567472877117
30.969959649927183,5.113299849794214,1.7197506153101132,8.196131459023908,0.0
35.95157025436914,6.059385508713461,1.889468251756057,7.095931710264,0.03782546141004061
21.817793167665275,4.859002443881818,1.7288864330759428,6.4510394749465245,0.04646881575160426
50.92387275685461,5.9730032876524035,2.3372462166737686,8.25797598122118,0.15923872756854607
19.93982618500298,5.12894882962024,1.4972019905854768,9.103877343316258,0.0
17.85811387212268,1.0490668672922574,1.8343708277962563,8.475167746495382,0.0
41.581108735000676,3.1213292123624914,0.9541495619303428,7.997596159081146,0.06657095914861723
37.91662693962936,4.7118248885567695,1.3064501487627995,7.410728348210694,0.04684441894997279
36.24119817052155,2.580610514317785,1.8477688787828888,6.90783636728191,0.04517689068675819
36.2834550926428,6.199857459992409,1.924551055371572,8.834751326324882,0.01683170012627615
29.877532271530853,8.061501664687395,1.3530165261679088,8.913771621385585,0.04123003329374789
21.027456285141685,7.437523703394634,1.4642003740709666,6.454270213309266,0.07512236766861469
30.758045581937264,4.573114258139584,0.7410631266595953,9.589838978180683,0.0038840531001060707
23.228382884878883,7.9814522736999045,1.3214853995966953,8.574071220894002,0.03962904547399809
39.75119733417751,5.297334914404223,1.945191581759893,9.399594645145793,0.04751197334177512
28.529426184978615,4.325828057763921,1.7876025080532831,6.657872251514885,0.04026383245455346
21.745028032074885,3.7731946729181205,1.7503328606906048,6.634175844584561,0.04097472466246316
26.786141583470066,4.395060627023743,1.52488684359048,7.851030690232703,0.004469079293018918
34.12931454275624,4.223646362917543,1.5035315793140882,8.502784426895195,0.0
24.36275447196025,5.340832444750975,1.1698394302632764,9.796360822926964,0.0
21.777796044335687,5.3211479620997295,1.8494142101012674,8.706078913815132,0.0
32.436872114919126,5.006092040306829,1.7104864721946949,7.757318723187967,0.00728043830436099
32.44966571108723,5.8738763394927,1.7460094239963997,6.973630792334108,0.03079107622997677
24.9305682462887,7.381292549572683,1.2369825786662099,9.23000057271915,0.027625850991453652
25.28961694381677,6.899108270882648,0.4233285400643778,7.035294574249285,0.055573400089208747
32.32049937357636,2.030204063100193,2.0485763558768477,9.628468554772322,0.0
15.519156585026758,-0.10784226980390965,1.2605812719957978,7.715615350393491,0.008531539488195277
15.925362256234447,6.868639822478547,1.0686121179784398,9.59058207261785,0.01737279644957095
22.81555778747564,2.266242603169158,1.846739455956997,8.678931290059278,0.0
27.865528482881526,4.550469196214633,1.3039936800404353,7.863004510557542,0.004109864683273737
33.10907565598005,2.659773947881281,2.029968192023311,7.480603628173873,0.015581891154783803
44.753562169495524,1.3960391248399606,1.8085029747883488,7.65909212265392,0.10776285801533764
38.576596232020194,6.082925456409576,1.8417846616002387,8.428316692375237,0.03742447144839346
28.40061470036573,6.518310320605294,0.8170221443997329,8.077156496217716,0.013110874246109884
29.809837920973113,3.846979198546561,2.1059719926932003,7.406188591931295,0.017814342242061142
19.97470635362191,-0.18208458428981977,1.630625265616928,7.834368589682367,0.0049689423095289785
29.8148686400761,3.9075111034950343,1.3153614303768983,8.078577029719149,0.0
27.113413610798617,5.783608010805093,1.5716942336711255,5.871265905585188,0.06386202283244435
33.227185603380896,2.0421768624517425,0.61188238355084,8.458168114788698,0.0058217642467374
21.72769056447677,5.3667198395583116,1.7043264057403353,7.020278775283193,0.029391636741504197
35.193465142411725,4.969380301654009,0.9853142459089642,6.846667596794255,0.036754909831655136
45.32738913002578,6.158582999202177,0.8236648570782328,6.31265565288929,0.15971090884144915
28.912398515431423,5.239160736828307,0.7388204068910544,6.2061075021321095,0.057734468832670895
34.01711722098941,3.0538621182368892,2.056344187494963,6.6445524968877105,0.040663425093368684
36.90143991711113,7.393143003328983,1.1853683031536058,7.29097904236951,0.06814788796660562
25.987795281141636,4.68294085394606,2.26686385495825,9.953259137526569,0.0
32.24092481810417,4.945390920980136,1.232099268473851,7.474120324104796,0.01577639027685611
30.12592400781795,3.133464081853608,0.6463210212035266,8.177750106268032,0.0053051846819471005
30.97676098548832,4.11343549761698,0.9417377800256704,8.400481386506328,0.0008739332996149434
22.269902161445337,3.2303945719461984,2.117905810003469,8.13106518621585,0.0
30.245101742589426,4.654107880153154,1.4220509110316661,7.922556539274006,0.0023233038217798183
34.979982912454496,8.423416960284687,1.2258563517546994,6.804706236400755,0.08432715211367107
44.51143607795042,2.2561977141372873,1.5800091129263938,9.450927548279212,0.0951143607795042
39.59270826085207,1.7728772042465177,1.7508913680837725,9.807196643637885,0.04592708260852071
51.531824575115564,7.942340654987217,2.0586994079512304,6.3173413058773145,0.2546448196745806
22.326524371119504,4.581352645696268,2.224249614946463,6.975971409113621,0.030720857726591378
38.723206367206785,3.6618545226801666,1.3201156771054572,7.720189657622994,0.04562637394337804
31.833420057383517,7.079809374792153,0.8369761569589809,7.035462205089809,0.05297767898876407
51.89802933217672,3.788768920526272,1.293267419438362,8.505965553455866,0.1689802933217672
21.917017146448487,8.652019427093872,1.630140253291443,7.271727797593387,0.07488855461407583
21.60278157819224,6.355851742678539,1.0181205368946946,10.165056067806603,0.007117034853570772
24.00607354555978,4.024177183708595,1.0214245425524786,9.190548594343596,0.0
8.76104275690193,9.314616426531007,1.6718939407749427,8.212574030632215,0.06629232853062014
24.74244978319239,3.788570153993323,1.4756738242147744,9.026986263319731,0.0
22.40867338446302,6.484190744018614,1.5163984977057932,9.105900424357309,0.009683814880372274
31.503937864762076,5.598585160812984,1.1207523326499653,7.436052511941757,0.0169184246417473
33.41755975777159,7.603482578797596,1.3847996428971163,7.183782755458036,0.05655616891221085
48.761708392158866,8.123022393453706,1.0378834278658478,8.078143062969648,0.18007753179066277
39.5042383818605,5.064008298131533,1.9450992055623935,8.861636124497943,0.04504238381860503
24.23096344337597,3.4931642593076333,2.0176246673618765,8.139060398653418,0.0
21.01585328651642,5.919944285878233,0.5769060688809531,6.423003517809002,0.05365630343251564
34.919191715065054,3.6445692604957878,1.0352445699037949,7.1971755560491575,0.024084733318525276
16.797667929793576,9.026774495053246,0.7517353724549605,7.926027136405622,0.06647864522207185
48.31458765854354,5.273070662165475,1.174988032796551,7.92433439567417,0.13541584471521026
41.79440120721287,4.269356897375783,1.4582810151048196,9.972542176789808,0.06794401207212872
25.308243478952953,5.3693606117298165,0.775177390150735,6.614012057601002,0.04495197741970892
12.868654709091224,2.305747420940607,1.0390700934373434,8.505589241835875,0.0
43.538723741654124,3.056771922978697,0.9980213139592508,9.48911310832829,0.08541691770715248
28.85460154747382,7.400827815888851,1.603633664699472,10.271449745422796,0.028016556317777025
42.378163119734616,3.6862114420572087,1.5346721685181253,7.595602576816039,0.08591355389286498
14.055723412056329,2.906178034636121,1.1391312233313733,8.4914294527202,0.0
24.006249770462272,6.073305505054572,1.588410436069699,8.569760357198646,0.0014661101010914378
30.052436997181832,7.371408309325994,1.2266599577063673,8.19548173155329,0.027428166186519876
30.469805937647422,6.437906621330134,1.3641724448369734,7.901154798760694,0.011723488463781857
25.499345285207564,6.992095371611633,2.3367260451492684,8.435975389500046,0.01984190743223266
36.228499323474985,3.4864098228610785,2.1702305258951737,5.467753914780315,0.0882523757913404
19.323795706174057,2.1563786665163125,0.8502093815362012,8.68206949006263,0.0022468592769569824
28.576205149787064,8.002667303910973,1.9148662089395874,8.126177903661967,0.04005334607821947
31.20295631711899,4.354640322315729,1.905698277245796,7.777525103221735,0.006674246903347951
35.14438834058749,4.498333967089906,0.9258683556236909,10.046862195719559,0.0025558580715195366
37.1161487808889,7.656388283698115,1.9093888218774304,7.325065981209447,0.07453727404656788
18.753579081621307,6.11246001880132,2.2689659592062763,7.596924010934969,0.014341480047977332
14.658858292643778,5.911775544163215,0.9387275968777931,9.991553302204734,0.0009190860468331042
42.77676821898509,9.330004689802168,1.0412485894928682,7.167938695150143,0.16932961513139
33.323140119795916,3.712963539239714,2.0088307334217514,7.449884717063461,0.01650345848809617
22.515134634434464,6.855680256162474,1.635747655412824,7.85297457656915,0.021524367826174968
45.51151975522523,5.114026249794169,1.7757381376197616,8.84073448212955,0.10511519755225229
31.156746342928585,5.537184557726514,1.6702946082002483,8.207802507353314,0.0
41.792971840638266,8.056936852825064,1.695347960464072,6.707374652847737,0.1478472158774518
30.67518481410109,6.015671512579248,0.8367639358444585,7.46783143687281,0.018727028107733766
50.60747924881987,6.076592158099266,2.023658853310724,7.392645566787788,0.17582726864655038
47.55340842443204,7.145014674619604,2.084794996213887,7.9227789547769545,0.1507510090934039
27.510358515209266,4.270094540914229,1.3853046279659862,8.425843658629828,0.0
39.71570950954356,3.3215806653219873,1.4782615250930689,8.418205755887971,0.04715709509543558
36.45375949585147,2.910381611957933,0.7344462487221389,6.223988245951598,0.07180125384913469
43.68631557532349,1.0672868212479965,1.7571273780089174,9.063940987560857,0.0868631557532349
20.350765394198955,9.112414259880644,1.786028720857072,8.252568845996624,0.062248285197612885
36.86051459998439,2.7935832685566337,1.4689044915003444,9.384532047593906,0.018605145999843913
40.58424486849588,4.557492752828456,2.0621766799352512,8.444198327290671,0.055842448684958794
12.412605135768857,4.446373400222159,1.3329613845100297,9.101322957735762,0.0
18.16741487334225,5.614813395618201,1.7823029629468001,8.466545311450126,0.0
9.607678222398995,6.6314744250785935,0.9901678306539422,9.346225756202749,0.012776971041762737
27.305931655554424,6.720946976719491,1.488223924562881,8.522250636017779,0.014418939534389814
37.17542255795962,3.8338451228621233,1.4128228710485822,7.902084753557096,0.024691682972883326
45.02357052096028,4.665756572427177,1.6126539610204709,10.272434720446881,0.10023570520960277
30.740947804197752,5.5651599009765995,1.3152365355833207,8.889037122279891,0.0
46.286155455712915,4.502617747632906,1.434263702164166,8.573744421004413,0.11286155455712915
16.198985417851084,8.214691152039986,1.9130235857207532,6.723695583461664,0.0825829555369498
12.966175606448452,5.981949903276503,1.2816178813808912,6.711692382536462,0.038649228523906135
29.444523011033812,6.4697555720996345,0.6967114496306603,8.292715482141853,0.013944439697532784
33.840654489393074,6.325762537334826,2.3747919521027105,8.145521197768241,0.006515250746696513
29.67305251905907,7.34694771497065,2.1907270393452434,7.385877434991684,0.04536263124966247
9.325578999601234,5.3620431174074135,0.8538686524471907,8.14098269961206,0.0021919702132921397
29.108799604872114,2.406336104088307,1.8448539026225972,9.588626928043595,0.0
16.95530499495147,5.799375903505283,1.2485126147243284,8.6954024745503,0.0
36.69672548830039,3.697286212416342,1.6317436076655298,6.858991490247262,0.05119751017558602
33.66598246096848,3.9427666365004863,1.647112064506747,7.888491172857056,0.0033452648142883222
20.60120213672645,6.172728037510186,1.382796099841839,7.195033519147439,0.027603555175780548
24.861330826633065,7.476566142867272,1.1081171672068018,7.612300083591439,0.041162320349602266
19.407864781110483,5.042543153472123,1.1547294738418703,7.586384334370357,0.01240846996888929
29.37320902726828,5.617666025197927,1.0419040422593788,7.522354417395995,0.014329367478120147
39.551423205012384,8.404429889270476,1.0840888958847776,6.744864628026605,0.13125689099473523
20.142739536644562,5.4815063589771365,1.4664108549753223,7.87234531848181,0.003829640445545701
35.040465155178445,10.203366228360789,1.142120005444624,7.43939236315269,0.10129020522441953
24.69742381627559,6.1310192912630885,1.84102603285631,5.070551309997732,0.09050384652532979
22.071271677376558,1.4784744816883646,2.2436230776679635,10.052972024501663,0.0
28.92969640045442,6.506683242209065,1.2099733793149785,9.088769654216673,0.0101336648441813
19.647576775806257,5.7623167697655555,1.6197022502676885,7.623699275075004,0.011289021747749883
24.463506946528177,7.579505508165491,1.749842555151467,8.018819049740598,0.03159011016330982
18.021221074111516,6.346362702539917,1.7360011354596372,6.828345652682438,0.042076884470325183
49.64725132916389,4.723088032032452,1.5379776339580438,9.695722877810866,0.14647251329163893
30.352635519717285,2.5514035274212685,1.8713412091798611,9.897288694773112,0.0
23.002744920074143,4.58195348542795,1.7411244763403286,8.156693728246525,0.0
32.13979910734222,3.2989590915813998,0.8811687888363511,9.023530644185344,0.0017824681674547338
28.876719503091703,3.8389531003905546,1.9345780321946366,8.175286778933923,0.0
27.79030400466777,6.177156808841219,1.9436454186333711,6.663274561124069,0.0436448993431023
36.14166700043425,8.339809008702812,1.1183569479107092,7.588176631036343,0.07056755124730847
37.57507710047305,5.7893430596459625,1.518968917723801,8.131927966771958,0.025750771004730524
24.694988523894725,2.6082338759296313,1.8416644964055346,7.545452281256556,0.013636431562303325
24.2418175935532,5.889205336440281,1.3953430902103192,7.781346722564964,0.006559598323051068
27.24948302848356,7.393262973291302,2.036489023883006,7.908600442490886,0.030607246191099467
6.980788352644151,3.780434191361236,2.6819362473096806,7.919121502134539,0.0024263549359638324
14.848089378014478,4.7319656666541645,1.107006983682509,8.052258490497483,0.0
43.66874267444525,5.0293763894583945,0.8094776984231126,6.939394933603399,0.12136341326000383
46.449677135012834,3.43020337383552,1.651909297802438,7.282983850872064,0.13600725582396642
27.509639604436217,6.2965608676877185,1.8607812525630718,6.715415734300031,0.04446874532475345
35.765569630557664,4.758103702784437,1.3845668130776154,8.9778155496862,0.00765569630557664
33.112501545435364,5.839064887814056,2.226630331660517,5.894353058159675,0.06316940825520975
60.78880808455238,3.2250156443958,0.8306971001383756,9.153590343316925,0.2604276243434482
41.195749114345766,4.125083399353179,1.8464593115158054,9.386349397262844,0.06195749114345766
28.720824085192334,6.444762715655543,1.1970695896205532,7.6978194130173785,0.0179606719225895
20.444595593995743,4.254333695816466,2.3596889531036482,5.396862912172701,0.07809411263481895
13.935536797424277,8.45392770246681,2.496257676584059,7.63868943803271,0.0599178709083549
32.03463635867223,4.200727628770795,1.116671706108326,7.93581583871118,0.0019255248386645897
22.436492547156966,5.449369451503772,1.22522143204571,6.989401780071087,0.030317946597867396
15.777462904023258,6.8651816637461796,1.929793943489901,7.484781606191757,0.032760185089170876
23.534271157574736,2.1632685341339366,1.3064346751052427,9.530195198863352,0.0
19.18451996385605,1.4783823760384482,1.477294391033881,8.66492716230174,0.0
46.871416350725646,1.9486873708598105,1.512694210271205,7.0754358856219,0.14645108693859946
38.816397569494505,7.525168206854364,0.5401634219011718,6.402400830404568,0.12349286359137769
29.920273586833826,3.8962837082151065,1.4930811269528814,7.672982682390229,0.009810519528293132
44.79944138890026,10.116398571336504,1.155136112967913,7.786543220649562,0.18672608869624585
30.773683076476182,3.871504802685223,1.253438588800114,8.496199187363317,0.0
21.387157986717362,5.369102606394074,2.221816001734407,7.464683287432341,0.01605950137702977
45.23124077269657,8.08421990513575,0.8717465528603718,8.511499575361862,0.14592060753677516
35.38910043684659,9.012185776318246,1.9066025933739885,9.93515404006023,0.06413471989483081
19.627538456735437,9.123007153272795,1.3605185348340958,8.815501022444263,0.06246014306545589
28.096613219163917,7.416732461186285,1.3601199157520827,7.951911492669227,0.02977730444364889
21.24381746615243,7.048125051622925,1.8951859480258557,7.8168495289467055,0.02645701516405734
16.17200269035664,6.185053898402366,1.6700256472844452,7.6433268658201285,0.014401271993443458
39.26177547531641,6.5567221523332755,1.7853064986097655,9.180640912452144,0.05375219779982963
49.094166404701305,3.897628567342933,1.9840923302664306,7.372686554048697,0.15976106742555213
16.01432426180859,3.363602233155386,1.3343458084083386,8.045222708999983,0.0
35.62969236690571,4.993251085178096,1.1938816327461248,8.051197901881086,0.00629692366905708
23.49357430878173,4.659630754950143,0.957424736721101,7.498215807188468,0.015692154733529442
25.12874616235304,4.093543901345449,1.0872947350105224,6.627534452115899,0.041173966436523025
24.07606075761131,6.392774894913431,2.974547212654363,8.322974503617669,0.007855497898268613
21.36009230320184,6.910610417141021,2.122339790368393,7.938996028144617,0.020042327498481925
30.48521627944827,5.176813772583695,0.8244628168959893,8.50024046943657,0.0026330577465601603
21.69049883588962,7.955060162110524,0.8387710216282149,7.466399693560833,0.05752764711096226
32.704568257798385,2.71662177173299,1.7409330308592457,9.220821298813048,0.0
29.49761890550863,4.612681081440564,1.7736323986889835,7.123226218788155,0.026303213436355336
27.610519531335903,3.5663553587943904,1.7744419176586823,9.712040284017892,0.0
20.924363379584022,1.26692676585388,1.3725221032231512,6.252363490171739,0.05242909529484784
24.232286694316674,4.834638628314601,1.43727286999855,8.434770064556892,0.0
37.55391225825756,4.756504983233433,1.6639397620796788,8.475430682526623,0.025539122582575614
35.009171876243805,8.026899486484261,1.5429465031466651,7.204442932059118,0.06449642053034972
20.22444755201449,6.2616233691095555,0.39034981362623244,8.424393937861012,0.014377220177797625
30.993323054292258,2.95162635134159,1.3851001847124031,9.279518669760158,0.0
37.51387123371789,8.708185132668376,1.074296782869843,5.783181160645936,0.1458069801711684
13.305947188786284,7.442067391050706,1.587605709454256,8.502744807490815,0.028841347821014125
35.43360192379935,6.164195406937232,2.992629501301705,5.5067291796699225,0.08241805198664047
23.373762410541534,4.547031802300336,1.6837408327371521,7.034335196476792,0.028969944105696248
35.70598668593159,3.0811215265530407,1.343235156913801,9.629166364900945,0.007059866859315918
22.36740843457483,4.255586447857894,1.960900750988626,7.418217966607946,0.017453461001761622
11.951178993354809,7.177497239408372,1.7413439436046063,6.826120035591027,0.05876634372043662
13.724575621168373,8.769172611869218,1.7100472452259206,7.802062271015318,0.061321584106924815
30.48084946661382,8.086487056544378,1.8034252966078355,10.067906338163553,0.04172974113088756
32.59722501721482,4.022301156427452,2.5282717824147705,6.168317752793974,0.05495046741618079
20.956833748955916,2.7607651334219776,0.9345557823370422,6.948690088360656,0.0325209606141247
36.38592458777374,5.281772493822408,1.7368160384057272,9.497431683179627,0.013859245877737365
13.3847993773104,1.4631212688742967,1.0368094350092307,9.857702343537733,0.0
29.339202013526833,5.646335428369563,1.7777563231711242,7.896568775709716,0.003102936728708512
17.889838002375434,4.7047948274026625,1.0406567442569528,6.760947297473358,0.037171581075799265
23.48163892197841,4.067926996263515,1.2913165931974577,10.09584350180916,0.0
30.47398671316414,1.810593865466409,1.352455042881047,9.594442391749197,0.0
21.395866347160478,6.027200213139433,1.9879083596723546,8.678946987762233,0.0005440042627886576
26.154444557701748,3.9345983206761774,1.959227221971207,7.18759765106258,0.0243720704681226
40.0629280921444,2.660166328579424,0.8771413117768078,7.950970659161963,0.05394304146993303
24.231081304768512,-0.7445244265632986,1.5274670554999243,7.839639918955169,0.004810802431344934
38.35692112065142,4.9449701898987275,1.1452100726254137,8.330851304615578,0.03356921120651421
18.70293145342382,8.544503193339487,0.8707475446623327,9.451001438131335,0.05282885069685475
35.298041779152825,8.32251842909574,1.3914914747878149,8.879417041137403,0.04943078637344307
44.415686206579004,4.0858074868274565,1.34575860577209,6.922623923015242,0.12647814437533278
5.283554998727105,3.7955758792764387,2.7133582431727614,9.376496450019538,0.0
22.031047445295233,5.937548512150047,1.716479912680348,8.313132140013156,0.0
35.7707212718054,3.0032291216234173,0.8111912496228814,8.687065795858917,0.010539343973710775
27.969546139570074,5.6035837996389315,1.217612997914529,9.466540859278602,0.0
33.71145873371309,6.53216055676938,2.010691647714699,6.888419750486449,0.04399061862079414
23.960148132841795,7.453866447768615,2.5442213864349625,7.964174421293537,0.03015209631656619
30.865897874729,4.799691847040094,0.7070083438810209,7.468545448640785,0.020338511382561143
28.443227646079205,4.592652499646068,0.5600378074304775,6.432140574634544,0.05363521564950652
41.67782061659807,3.244034826486878,2.435482587685891,8.34670997760492,0.0667782061659807
32.54420843301213,3.3462392919202797,1.6948070886854518,10.511556551584423,0.0
33.37602662075202,4.547042216196947,1.0658536340618168,6.159922255494247,0.05520233233517259
25.881230338775325,5.734731013632356,1.7673145430612176,7.967719388950529,0.00096841833148412
25.123937759275066,6.827169252466499,0.18212613049156112,8.640542935074773,0.02881149309195656
25.67441812180379,3.3936420986393103,1.5016877532985804,8.123078201656181,0.0
33.944521423782966,7.985377137919043,1.6639105864215427,7.886871947484259,0.043101384333853084
25.79015519179737,4.457752797914862,1.9621350697689148,6.700783636554176,0.03897649090337472
32.89774856896413,4.957265411303128,0.9930520238537311,8.232786742940164,0.00010421964219403279
50.75400798645439,3.5055766417043532,1.5428435807016796,7.243236022984074,0.1802429991750217
38.711247034316926,0.1515194794541168,1.0372876869702063,5.810078295021446,0.10281012149252587
26.73976467832159,6.7680907927220995,1.6276918778371585,9.19459222051373,0.015361815854441989
42.012139221639444,6.473687794184867,1.0523268388184879,8.958385819842043,0.07959514810009179
25.919246269784487,4.437344885763573,1.2959495804198897,8.05166097685108,0.0
9.618754648221461,5.133981434449744,1.0020923026048854,8.229074688205703,0.0
19.91913689082596,6.031878435408199,1.8255681209118286,9.074318012715562,0.0006375687081639825
11.292080789741444,1.8749082862269146,1.9292255583283326,8.224339656778083,0.0
26.484865159586914,3.9418946453074106,1.3826897150212931,8.904017554761314,0.0
30.184183791895517,6.588529359243655,1.519118997480014,7.7025177991261495,0.020695053211088606
46.76437312275283,2.491421153661501,0.7757042926832279,9.311983738573947,0.12100816683727988
33.269273737641626,5.587115864333258,1.3501616759966064,8.320785725932684,0.0
27.808994711911357,2.28683639075319,1.4748976914791276,8.194051943605874,0.0
38.294055811834895,5.932859964867053,2.8103965455149877,6.729938911287968,0.07104239077970989
7.88864690992115,4.9287170354050325,0.9440164871129182,8.28695585430171,0.0008397526933062271
32.356145581085656,1.769736368188981,2.232088619376219,7.168045082505548,0.02495864752483355
37.708651938869664,7.329478708914342,1.998429386732904,7.3617172734715055,0.07282457536283832
15.214137542201584,3.5308168464039014,1.6403182022450682,7.184624371683879,0.02446126884948364
41.43754043206929,3.3794951259712382,2.3793102420975667,6.933765068100775,0.09636245227766967
33.38496407494414,5.401138394461886,1.6860527363034314,10.124771403016961,0.0
25.847120860991986,7.29727469885743,1.6945795978339644,9.331339061988404,0.02594549397714861
36.32781866106285,2.968356362043206,1.4734396734912274,9.920367502144261,0.013278186610628495
52.70692857804396,5.123359699695944,2.1117844412093136,6.777104980444436,0.21375613636710647
31.818662550584953,5.857633000661146,2.0482346169054417,8.071253749910893,0.0
32.48220586300336,6.386211214526288,1.187161356251894,6.706492374795904,0.04652945304664862
25.40639100459756,5.35288311055445,0.8403764027006163,7.304305122802936,0.023265200275402673
21.501556305352082,4.265944321833356,1.3985096813021713,7.081873016583425,0.027543809502497244
38.303358165442454,3.344819558702561,1.0999807178011767,9.23958400644156,0.033033581654424535
21.439161740911327,5.172287766092749,1.4682377126923225,7.60377032189824,0.011886890343052786
30.715662372193925,2.855721976028786,2.1187190673420697,9.068379333694017,0.0
25.223425532348834,-0.8427009669892147,1.271349172456605,8.604120889588518,0.0
34.78979825746392,5.873119608315336,1.4785883093442125,10.303638752104789,0.0
33.33662105286948,6.807869682172391,1.5290113674041976,6.5205557768602755,0.06054072033763955
40.375399442578995,0.2741351289163232,1.9242154411026422,9.259233239786798,0.05375399442578996
24.89983601145253,2.980538590580125,0.3765553330076974,9.146440870400728,0.009351670004884538
27.301250647066286,6.238308522010396,1.1966498526173517,7.026621161972965,0.033967535581018955
20.212362842176926,9.114990939423397,1.6056418461397364,9.00713333647316,0.06229981878846793
25.557067399238882,5.041587415350816,2.1000394782134304,8.336144963026229,0.0
33.77300493044852,3.543994117541731,1.2540487762468975,7.7725237400465925,0.006824287798602224
37.56988616645352,4.63420711779032,0.561723646979063,7.176064513028001,0.05699107156900925
20.778346758223748,7.74975283829637,1.809855722983068,7.280890548550814,0.056568340309402984
38.6960592010566,3.708071641750929,1.1823188055871854,10.049812095785926,0.036960592010565986
43.55637858804951,3.401615986699493,0.9051666704548194,8.000682818957483,0.08698628582367282
34.13434903223701,4.034512955635935,1.1878273051433879,8.78213000153146,0.0
48.76795812558066,3.0933427834825755,1.4077373211720752,7.209100618332447,0.1614065627058332
22.26210800896427,5.245340631989591,1.1976276677308937,7.220147053778361,0.023395588386649166
17.55345296688583,8.24935691693912,0.3972169714504654,9.081984809249942,0.054028883767025436
12.212797510957213,5.6461585462320585,1.948533098443566,6.650423788448467,0.04048728634654598
44.96044311489183,4.495292995747425,2.137437520639361,7.584786232094729,0.11206084418607645
36.54365656354058,4.416377462168912,1.825760995669753,8.034027411072232,0.015436565635405798
29.44415329089545,1.873618382606686,0.9311571647875917,8.111372601840053,0.0010326425281861245
32.799686263198204,6.766219554294318,1.399254233026241,7.820906714983844,0.02069718963637106
18.745109527016233,4.8443256059743955,1.496739342385271,8.395819781095923,0.0
54.45751979616826,4.639040172818749,1.799397194780955,8.692855755817812,0.19457519796168263
31.292211819752275,11.38621513568972,1.8341702443590404,8.73463754545933,0.10772430271379442
31.093947946048928,5.597505816731372,1.132913100610752,7.014196191332173,0.0295741142600348
37.25766623898692,3.4964178998096314,1.5409977782067803,7.715844902071203,0.031101315327733116
34.810092317367136,4.147284807588913,1.7286402023076206,9.194762861876939,0.0
32.23884024279131,7.29689141839351,2.2279111610733833,8.894647187573872,0.025937828367870192
22.095255445546883,5.226540821075529,1.8522532699123615,6.627140548518936,0.04118578354443193
34.714683571359956,2.1234440433652666,1.8945283436877594,8.351479900352201,0.0
48.82024496475034,6.838457869150407,1.5419133139646806,6.021774750625189,0.21431836451175584
43.454200461549775,3.663711828922012,2.205229572601752,8.04693490206037,0.08454200461549774
45.93186626639397,8.74659555243509,1.7048813979797486,9.897767016745977,0.16425057371264148
24.88784323568815,7.160096131429297,1.0694560449132147,7.052107282731014,0.05163870414665552
20.10395179741419,4.1053562086824975,2.2016849850625952,7.165676954508418,0.02502969136474747
28.74213079900352,7.562032723470226,1.8489516362695138,8.764029781572859,0.031240654469404525
30.557249122886947,5.1357110210548065,1.2784779894357587,6.457198484790354,0.04628404545628939
40.94191518470949,6.705547350244439,1.2602535163003783,7.367244970114961,0.0925127497485348
13.075353702851807,5.96946563458895,1.6482877725703808,8.596441137581753,0.0
45.29550319460614,3.3072866900182527,1.7315923976337924,7.365714152310597,0.1219836073767435
28.419921014210107,3.712900335365076,1.5986461328156032,7.7640300127890285,0.007079099616329145
25.7311893005258,7.059921635162322,1.6556543367214425,8.744185710315035,0.02119843270324644
19.878956247398325,4.330449335786918,2.34997868728819,8.421546083536562,0.0
13.451433281342307,4.1927030735160065,2.035771576117443,8.266818396295402,0.0
38.231705839619146,3.089754841301294,1.5953177956325122,7.660877720729961,0.04249072677429262
30.733179671884038,5.847198131186922,1.9706552903837418,8.370061115268955,0.0
17.10039100258946,9.12504983848629,0.9837380482362302,7.8762673199002435,0.06645690644917505
17.04921227936384,2.8649341714914542,1.6989635249734045,8.457805609925785,0.0
26.642153007098717,5.0484389133455165,2.404653174866555,7.503067974882022,0.014907960753539342
46.69021525289393,7.8244411108308585,1.3909770523038132,7.817431025620459,0.1588680439769427
27.40408648636395,4.84071721750857,1.0761830356904576,7.010042207447986,0.029698733776560415
14.968570468818939,5.904743592499468,1.1739555557034698,7.964992389993764,0.0010502283001870795
27.542569359140558,2.8752129437062406,0.9551834813288058,7.188999136371155,0.02500227368893326
27.272764302523296,5.856614194415297,1.1076190459361483,6.885953549838007,0.033421393504859793
3.0311335705842843,4.625711469990902,1.3147459507049855,8.258661147855388,0.0
29.457051334821877,6.971459991359726,0.797216490410679,8.21273977585766,0.02247095247103434
27.69065469791322,7.374772103129502,1.5078091669748015,8.782873734948572,0.027495442062590046
36.96206364813418,10.179127284037229,1.9511385868933235,7.568874430424901,0.11613694924933939
48.48956094945345,6.1592663464271515,1.0461219099265398,8.408052846836755,0.1380809364230775
41.26565029547757,5.6515926331643325,2.2596419618208845,8.550797572273662,0.0626565029547757
27.311113094451695,5.388768603154672,1.7553960442637973,8.444773807831595,0.0
18.934740912583298,4.293667414378623,2.0152902928120286,7.174346317197858,0.02476961048406426
55.733598032498605,5.6769676869233825,1.1710827230739316,8.14936348227119,0.20733598032498604
30.592184340144883,4.409197179721941,1.927262613533308,8.36414029605466,0.0
30.139292919129463,5.336921952539228,0.9540330498023435,8.007178466907941,0.0006895042529648476
29.758749128899968,7.63519507121592,1.9451237504182544,5.913522341628916,0.09529823117545093
31.980847607678548,2.9869148694407177,1.5859196698967657,8.16048962397348,0.0
28.556395880760576,7.279757122258091,1.7766256099923918,10.212531039397241,0.025595142445161815
24.263379931197637,7.634230134679731,0.9122026971875742,7.6399607312430176,0.04480274029849048
24.531410587596078,4.763862946017842,1.0524650788616976,7.271922902144679,0.021842312935659632
29.672467297840015,0.7562902019828108,1.7986141091266923,8.373348559711399,0.0
24.565752288662352,3.7843560258111353,1.0258259978878996,8.312378210466571,0.0
22.871542173228356,7.593989093122218,1.7316031460495616,9.192735165416414,0.03187978186244436
31.06430227691897,4.954263875402236,0.8164310967698771,6.742131844091112,0.04048957822571848
27.450227825791448,3.0013955354101785,1.924087106333334,8.731380252574992,0.0
45.039929885826886,3.990450157543565,0.8837383426157455,8.590422061251463,0.10214322371903269
3.490301916069882,6.681240053009106,1.7761499688397615,7.857853463059454,0.017889197168398496
40.91506851922462,6.093467136402759,1.8128154668230003,8.33868731792169,0.06102002792030136
42.46085192497629,4.522135801660611,1.1516140907852126,9.029457481598357,0.07460851924976289
9.266097675918505,4.266351176370625,1.7910132835423633,8.87231538002845,0.0
26.573124059196513,4.216483701912356,1.630221131666778,6.856980687926272,0.03429057936221185
26.285591340042085,3.155179631002995,1.230579071903631,8.820158186755485,0.0
15.924883052821787,8.230751378938884,0.995722657961896,7.935311394967481,0.04661984586032479
22.221833124091248,4.35535906157732,0.5186871541637105,8.072874098015516,0.007219692687544343
18.894241545341714,7.434317041650993,1.6748250236498468,8.073196991001694,0.02868634083301986
47.52270443423623,8.042632103844902,0.7175986143189724,7.84975701120174,0.17482299686842356
39.35678393147461,6.996621796295921,1.5476720997206541,9.191707497107064,0.06350027524066451
42.71555094994159,4.136759374563903,1.3682758919588753,7.916282040150788,0.07966704829489223
37.21672064043235,5.807460180673219,1.8395713877190978,6.880453871616831,0.05575359025581855
18.709482287827708,4.951608787218167,1.3489772502550679,7.606470144030271,0.011805895679091866
24.754797337202262,3.1925962785397437,1.3352761068264543,8.178694716810476,0.0
34.89374561227918,5.6487185634432056,1.8659353521441477,9.229214784297051,0.0
17.778721911080545,2.641920417680395,1.6675290145420587,8.603094684948834,0.0
37.12998430172388,7.375358776923127,1.658077978591389,7.149464721252956,0.07432307691811266
27.59674601841865,4.070765405403214,1.7346337949042632,10.485189916678891,0.0
26.251791924504026,5.4023193117456785,0.7322139383964471,8.26477531097798,0.004016790924053293
37.10959968203491,5.566575743092284,1.878394339993491,9.275390737999015,0.021095996820349114
34.4426331148604,4.482190052591846,1.806234397006801,7.848285566422771,0.00455143300731688
26.3903383418092,6.17338760295055,0.9916584357117514,8.53335924470545,0.003592875523334727
41.59329803364248,4.050192686754951,1.3779597631628993,8.839468504518404,0.06593298033642483
19.189366724001026,6.742594594914488,1.4803463561861845,9.218194711754256,0.014851891898289758
36.15935606944264,2.308040639506503,1.4327516077991336,9.057368305378224,0.011593560694426373
35.93101257968384,5.2527591590928235,1.6669299832842674,8.872197000072978,0.009310125796838377
26.904535606860097,8.87785799811657,2.2156833909155917,7.684913268805891,0.06700976189815465
33.26133022242118,2.9993373507888506,2.0408833638364143,7.428253958043939,0.017152381258681827
17.48886423614697,3.644510058950297,0.8438904032842969,8.332607510324198,0.0023416439507355467
39.24027019206901,6.02781569931783,1.8110349951530242,8.93312807234107,0.04295901590704672
28.15097863557011,5.359163563879196,2.164466659767705,7.777279299223393,0.006681621023298216
24.772769794809605,5.701260198547119,1.6934042603446013,9.065171965714386,0.0
40.49009225836889,5.978374260295327,2.0454902125929832,9.452616745486178,0.054900922583688894
22.95656309457241,6.269442937123539,2.5061352228503826,7.08367908092658,0.03287848631467338
15.915387036364404,7.219399683912446,2.0118547730534906,7.16307929620372,0.04949561479213732
14.433708264760963,5.819637313857025,1.6246542978208645,7.859624941094664,0.004211251767160089
36.06009951345639,4.517484690762915,2.0225442370423767,8.307612668189197,0.010600995134563931
17.19570647503717,6.345147402405463,1.5724439165484456,7.475432986232949,0.02263995846112078
47.54794181984364,8.799763869790432,1.5119515216424777,9.352202678867144,0.1814746955942451
9.18070592116278,4.7347325072348525,1.3242928821431337,8.424066861518451,0.0
46.96456368290038,3.050941390658717,2.281706679416054,8.03944704824074,0.11964563682900384
32.11017467202618,7.214161338573946,1.0907856670289993,6.564090476131472,0.06736051248753475
29.032868881296075,4.759237672092803,2.2661838623390578,6.684184183572492,0.03947447449282523
24.550809131910505,0.6546609079719277,1.7499320618701857,8.281009250281807,0.0
33.991361143520706,6.694843354300843,0.8003469125990292,5.867404373845163,0.08086953218167653
29.623652975751515,3.9293436280921545,1.6838246464957107,9.012637409644071,0.0
41.03301882016521,4.818933435391679,0.449986746174188,7.84184615562768,0.07332500234020889
31.142276486620396,5.663960661138029,1.8127540084155178,11.243092969594734,0.0
31.503017614618777,5.380999359558133,1.9426157414944956,10.30791625061611,0.0
26.36387787786144,6.418903634278079,1.2038220221739733,7.818550930752483,0.013821544762987088
29.430543762789327,4.129027258860313,1.5617738479777912,7.893662997468685,0.0031901100759394387
33.07801768892059,6.026211596352166,2.477078716875143,8.99558151400203,0.0005242319270433171
12.898316073433744,4.4809066448321655,1.2471266478690317,9.703172609918038,0.0
16.51814577894287,6.477620961775006,0.9705462064716998,6.361970942563984,0.05913509786150512
37.43264094022715,6.230734968026107,2.2408317012312993,6.213624534645313,0.08253237272343426
31.70865438127942,3.1291225959108093,2.4812935952653974,7.377965194445618,0.01866104416663145
28.160166636473207,7.1719642323500645,1.5018478359239236,8.582737583173865,0.02343928464700129
30.18433933065393,3.928073109771904,2.005731517704178,8.496873590507597,0.0
33.47581705361671,6.61611559656229,2.1707379577654407,9.06977145498385,0.0123223119312458
24.602403196906387,5.734574626802681,1.1287578837308079,6.800302471634692,0.035990925850959254
22.216952745976872,8.676367353590244,1.2573470823160657,5.683856137031123,0.1230116629608712
31.958452550976816,4.553068035256295,2.1154372565773674,8.858014195302145,0.0
20.21627222384968,4.301366407763605,2.3425071393542547,7.171803727034765,0.024845888188957038
34.082527557144715,4.961160788224535,1.7814404300871773,5.9815121356113625,0.06055463593165913
12.974163957621595,4.3936404343314495,1.0600928232489728,8.145063745959382,0.0
40.29155637325644,6.5998838038841,2.4935305558497207,8.793175688218678,0.06491323981024641
34.72597482413043,1.7673787831268242,1.2345145510940179,7.877942867878723,0.00366171396363832
32.56029734313876,2.892635161707292,1.3324311094142742,7.542151613817511,0.013735451585474668
39.82690983945514,2.864394156841614,1.6711689172448108,7.840637767854093,0.05304996535892861
46.65474444462576,6.900615183947151,2.2770802103573873,7.629417237599217,0.14567723099722416
40.1437006501813,8.42122674516385,1.9269879882761118,6.651952888059833,0.14030295476329502
11.591257686683548,4.791101562925057,1.7074327501809552,7.285319323009568,0.021440420309712965
17.204230332642986,4.662356553619979,1.7316442650590531,8.521279905013815,0.0
23.751814223043212,5.140104326226362,1.521757334321733,8.3216785413765,0.0
30.260910502108338,7.323756605216381,1.779069757259253,8.16805980596682,0.02647513210432763
35.17659020469123,3.145293731618852,0.2352199611528485,7.00485151814662,0.043092057085220965
22.742561868465344,5.47673796546957,1.3516962704651008,7.818496837864333,0.005445094864070006
31.867667644770783,6.95039525956486,1.6206609674583905,5.822934953557145,0.08431985658458284
22.446170676466775,6.002188339879691,0.9244929581902465,8.17847666388539,0.0011763724247401213
23.884821970080516,5.379163233197486,1.69316165890578,9.428857707813567,0.0
15.933389031517777,7.002092185134282,1.3977643895069392,6.525867867957894,0.06426580766394883
20.767667538890958,-0.40646458599847435,2.3777378491577448,7.414072326682245,0.017577830199532657
16.483153943836662,6.3557506390618155,2.2865098626074283,8.329106778710129,0.00711501278123631
20.241267470226674,3.6918486337451526,1.2670972154409186,9.252842634427484,0.0
40.536417966078396,1.3387342062870862,1.4245811442166523,7.551775383699851,0.06881091814978844
20.50601111168057,6.022405199049961,1.4630262171958037,7.307749670734104,0.021215613858976107
56.32382064837391,7.747317090325915,1.2741702619201887,6.031076857583917,0.3072522425627399
34.93317900880889,4.725102970744616,1.5975124920140633,8.103438129308106,0.0
31.84836123694874,6.905749094405878,1.120858965556205,10.042076040143744,0.018114981888117557
21.416422198187867,8.22455651597729,0.9346923325312368,8.277358461964676,0.045470745331577266
37.003098794089915,7.629828907168095,1.8113556119501344,7.977721020816286,0.053295935459772466
24.243621737622263,8.279929058742786,1.8147647921109054,8.322082310766985,0.04559858117485572
31.220098146453616,6.484254982143785,1.0978421201700037,7.988907996051398,0.010017859761333759
55.60084538268795,5.150867277803186,1.9476777153812999,7.18698562773987,0.2303988849946834
29.0394010027535,1.796068376205663,1.1842111354173344,8.823279915677706,0.0
41.49273326285676,4.507875023740103,1.6265826190189907,8.225761523111755,0.06492733262856759
22.968235748741126,3.3135068093676168,1.910172006306228,8.017613251933657,0.0
29.650115095030383,9.341885434995628,1.4831937176481436,7.02463397272175,0.09609868951826007
47.7080063563551,4.648228375135327,1.7273704560705672,9.303507931934758,0.127080063563551
23.730329422122324,5.2464096135689715,1.2417851780562141,8.66470274533311,0.0
48.12448557996929,6.102970752080935,1.4017667082859515,7.447079162632698,0.14989189596233066
37.07751935455475,5.087204892744907,1.3970702845598297,9.001824853681937,0.020775193545547525
24.375332241057322,8.390102080861507,1.1267108267298807,7.502429161614793,0.06272916676878634
36.32407739055521,3.754701276531096,1.411612918442109,7.217996507488963,0.03670087868088321
39.7255444962673,5.389214910474485,0.7256908505681267,7.240296882519713,0.07416117572855967
36.21809962217196,3.5150588286039035,1.2544231264289476,6.228931446911909,0.06531305281436237
14.297752801095436,2.3599549775585884,1.3575622533151646,8.471542380418207,0.0
22.728628241751316,3.7764618181894294,1.37191012375231,6.16885512166165,0.054934346350150494
27.52481364448495,4.9259264059031755,1.3792512770646106,6.771556168734238,0.03685331493797287
29.255665708999537,4.1413955509654805,1.4691179000699355,5.924411990921467,0.062267640272356
36.206720975506784,3.615158040252288,1.739720759043032,7.913930307209107,0.014649300538794634
31.77701000933254,2.1873650726563323,1.9372585370662612,7.849679539728128,0.004509613808156159
16.64655641289899,4.83378885474261,1.1751173865758664,7.673303786813636,0.009800886395590912
33.801978510059634,1.9905592519379955,0.8983995723054278,6.957422305329423,0.032801337255535884
36.10585745283823,6.520111927379205,0.9789777938784485,6.82776624656336,0.05694315877088887
35.5979044793104,5.164879505869006,1.2563985394025363,8.464369863546574,0.005979044793104009
40.807807255546216,2.084897001070139,1.3240393410917455,7.449448068291512,0.07459463050671679
38.33922154548904,4.381581845900273,1.1150019669012714,8.316358321536145,0.03339221545489039
34.59180079228437,3.4956871888188337,0.8519416678750528,7.114751313875778,0.028778335565600874
29.29834288541353,5.638349020838361,1.271939586262906,8.181062742771083,0.0
13.390390664840087,7.680900892046289,1.5907133100569857,9.303278037316064,0.033618017840925773
34.296182191325855,1.2496550607085108,1.7975147329177823,8.586165800392783,0.0
32.076876871631114,5.230052158294835,1.2212884734458394,7.58758618178352,0.012372414546494409
32.715788371953735,4.679734408866719,1.293501088928283,8.257198970355928,0.0
17.232514241796906,6.342680152900932,1.0366508455763446,7.759334825469787,0.01407355829392503
19.189434595917376,5.426393256475379,1.4842804148126119,8.007880184694729,0.0
40.53152853332904,3.496061336522362,1.0757856829045926,7.674388947851496,0.06508361689774549
29.60444846143345,4.361892128666764,1.7865639066206,7.835664794114609,0.004930056176561726
36.81500697372624,3.407948286393022,0.6070667540329444,8.212093353074176,0.024044068426768248
30.283183761304613,7.152014277197196,1.3201851637737687,7.00664130041805,0.05284104653140243
30.29756139495745,5.0426232973438845,1.6505536695958711,6.984121173010021,0.030476364809699355
39.382838059759976,8.802381371506016,1.5919172581612522,6.611457446168789,0.1415322846426564
24.839552717826262,4.878678372370758,2.8465168319902485,6.39972889549629,0.0480081331351113
30.961207769409835,3.5831864661790744,1.6749000122839537,6.782717307779521,0.036518480766614375
25.377247112949576,1.9725712147743457,0.9979727015789949,8.159462506804129,3.0409476315076956e-05
25.655037725676845,1.3937206474881099,1.4522678764554635,7.107212484508116,0.026783625464756523
26.908278765313607,1.8317281139890205,0.6118768332667741,8.513614464231097,0.005821847500998388
32.22133771633713,5.534253302022967,1.4597001253516195,8.034713748752562,0.0
25.212513783365225,6.017450046459867,1.0834719714996206,6.031495786561946,0.05940412733233897
42.55756125573521,1.8376185959357332,1.9576951377800809,8.65497558422169,0.07557561255735208
21.053926977804963,6.790076628152231,1.2252298627022324,8.81079864559171,0.015801532563044614
28.13128355838641,4.033877896633121,1.4416170421023766,7.006137325165147,0.029815880245045587
25.60268941725825,5.293586023971098,1.1822210792977983,8.420191542894992,0.0
44.46977884353733,8.224441256510849,2.3694256759266654,7.143501762590801,0.16488156068786622
31.965547765115748,6.793678631731064,1.3393786169410442,8.097670376748335,0.015873572634621275
40.31844539468635,4.4629387041883355,2.416278521739601,6.735501593045035,0.09111940615551246
15.144396269630281,3.217615549169425,1.9070758810591333,6.206893547465423,0.053793193576037304
32.67050265869259,0.6963691973413901,1.7410333636676931,7.617182810387031,0.011484515688389072
38.89630795623437,3.56169336151516,1.6843665736587599,7.876271053725164,0.04267494795058875
30.822839892754242,4.577739522344611,1.6968986491081257,7.602320306385396,0.011930390808438123
40.654803750653514,3.0256409456976323,0.536163710327195,6.81596944177744,0.09902649859830401
24.827115498996278,4.737486065815391,1.3605583029246218,7.600100937868863,0.011996971863934114
44.0934744018558,5.153703765917537,1.922578985592161,8.269294752580734,0.090934744018558
52.9889812361925,4.550288036383843,1.4755514082629473,7.955106969877463,0.18123660326560112
26.37161439560341,3.6999948383530805,0.7974050765982125,8.182501030599214,0.003038923851026813
25.54497478599228,5.337309343933455,1.4737977747112652,7.329884799545767,0.020103456013626984
44.53384477117701,5.883881299138818,2.3520527581277455,9.17171791471616,0.09533844771177008
45.795721457307124,2.819201845114308,2.1234458577673596,6.823826663445219,0.14324241466971466
24.771399728467316,7.82186475949254,1.468997995316984,8.487560297086718,0.036437295189850796
25.798131829041427,4.802823735431477,1.9757246385290432,9.181891092959962,0.0
27.182153911394927,5.037699245889695,1.3167464898159742,8.480908092748896,0.0
16.55549488965723,6.4164288465131145,0.6480642065866405,7.79747577293517,0.019683340643407595
20.813480535158018,5.466432262527003,1.0377670059352229,7.4717029533370205,0.015848911399889386
19.95859233247932,6.90627326782649,2.281444384254099,9.036087651046255,0.01812546535652981
22.322024348958713,5.574248330403648,1.363003459085348,6.5770250747383265,0.042689247757850206
29.653151126132187,3.775125250719124,1.378308010312491,7.029875739620357,0.029103727811389302
32.342147325365204,5.723007050412203,1.3500809018625597,7.6024422345082785,0.011926732964751646
45.50500492814077,2.7125475853586765,2.4520682947865033,9.237653757511998,0.10505004928140771
20.01645959261209,5.217119411553046,2.3129794576810316,8.379767636040896,0.0
39.843223984765835,4.933540018711079,2.609390116724067,7.031954241489755,0.0774736126029657
27.86011155774491,4.583766285454921,1.4204773947999743,7.689692294615097,0.009309231161547098
29.50536290347567,4.742924977122138,1.6478122443735475,7.385676855903705,0.018429694322888837
36.74819492166604,1.2363019090047218,0.7416787252896044,7.290211007766465,0.04265043810432239
18.772779784377015,3.902550184518077,2.2384672130591374,8.97888955855678,0.0
33.82409746184051,5.185689802282229,0.9161102243660325,6.628256870736495,0.042410640512414666
31.66452208213056,5.319712783994801,1.6083877818813146,9.608780855734373,0.0
34.92451264008149,2.9446497181480837,0.951348736183578,8.828229690184623,0.0007297689572463306
32.89168643907818,7.531415681729401,1.205566586630652,9.090861670603697,0.03062831363458802
54.55300139910894,3.2676503035709983,1.0813687844751498,7.537060487974742,0.2094181993518472
23.62260015748684,6.938914401053474,1.1960623696620911,7.850059280920891,0.023276509593442744
24.690030449981823,5.854388723743369,1.2304386484255108,6.566848185475288,0.042994554435741364
23.768594735752355,3.7075453803123937,1.2258656025374615,7.475337592933197,0.01573987221200408
24.445228808397452,8.550621785219024,1.9166669558901535,8.493654847643151,0.05101243570438047
23.626128726934823,2.61272633648704,0.94756860346874,9.296063061781396,0.0007864709479689008
41.89016531107552,6.8383083472200035,1.6102707135069334,6.892843183197549,0.11888252455922882
44.20504247989855,7.0011646360859565,2.1089795761527794,7.634494063014734,0.12303889563026264
24.29253706250524,3.6587595818467102,1.243401817743302,7.848700779767477,0.004538976606975682
21.676444268957713,7.784930600128657,1.141040554626199,6.604210797807514,0.0775722880683477
34.71415556386404,4.499906970802094,1.3847376874098747,8.591349241758401,0.0
24.477769557190285,5.577387258559714,2.089862604180355,7.276009668257391,0.021719709952278274
36.32931817755511,5.5206436775424415,1.597053815476679,7.804609648822976,0.019154892310861812
32.029230208513,4.731382517058904,1.2343928526962007,7.548050628088122,0.013558481157356344
14.84255885002768,6.621616546319564,1.74193832559402,7.210661494280326,0.036112486097981504
45.47505201330061,6.586977441104426,0.9488539250817883,7.9929550145194455,0.11746860964328444
47.95877673095522,1.5029360535236385,1.840679755221474,7.7843904214319775,0.1360560546665929
23.872113095156138,7.608680485756305,1.7043036538508838,7.628142117721334,0.04332934618348607
26.12298440064016,1.6750160239286513,1.346095764430558,7.271538378319657,0.02185384865041029
32.85865390724905,7.065092408683315,1.0807071007763844,8.319524670782956,0.021301848173666295
33.34456789987025,7.253410273655167,1.0566595388582714,9.653617268492285,0.025068205473103334
36.5854427267283,2.8180671395696035,1.767408668172955,8.139887232839127,0.01585442726728303
50.102045387663495,4.17837142409083,2.114490251244531,8.996118214911128,0.15102045387663496
28.230527725059506,2.7885906630281285,1.1813461264856027,6.609778074846537,0.04170665775460388
22.017027554615463,4.570157939422529,1.729193351775742,8.15776143929377,0.0
16.20680771985473,4.383931431628517,0.45648649069896563,6.902631681028933,0.041073752208647514
22.69069960058081,6.55932106453868,1.2076911346714003,6.523075072468099,0.05549416911673064
29.668730271262028,7.620617492239217,1.484470533564549,7.2606285925409635,0.05459349206855543
47.94557863517788,7.791367621579912,1.0451582915090831,9.191899334413574,0.16528313878337705
24.823887009638284,3.875663946843396,1.031746812605202,8.950015828669645,0.0
32.237879516388986,4.581556252510945,1.1661102217655568,8.2430047220544,0.0
29.83577103927248,1.6331236155580995,1.6460963641631865,6.467299440110069,0.04598101679669793
41.88393273448084,3.3882598670076227,1.4063354907968126,7.803719348612063,0.07472774688644648
55.26932425873622,6.929703266194915,0.38088438333751395,8.301700008901735,0.23057404216119778
24.691312270796793,8.231165647096464,0.4396499236824669,8.175536229578597,0.053028564086692286
25.10560557481778,2.531302256240156,1.1965674110714124,6.156206416519254,0.055313807504422385
40.44160877069072,3.8150714816942113,1.728843293026776,7.109682151980128,0.08112562314750335
36.81891489626312,4.947188486082146,0.12624757863738267,7.935922235851283,0.03321776820753193
48.46707325736034,5.560322317639214,1.2501349119241847,8.53629090951719,0.1346707325736034
35.839281853259635,3.3807929601567075,1.2368760717412894,5.803872178900054,0.07427665316559473
26.407079092129404,5.8481220889281795,2.194168889104224,7.837876024520142,0.00486371926439574
35.90654830692309,4.052321305858168,1.3074890941435682,8.143048769878952,0.009065483069230922
41.087035805829075,4.9710954582434415,1.6914944923704642,8.849611988516212,0.06087035805829075
38.204821811973645,6.092568496007399,1.5706285700437317,8.692857584237437,0.033899588039884423
35.07274031107298,5.0128445396218755,0.4347167600963997,8.582571318808805,0.009206651709283772
40.666746895891535,4.127228218946863,1.8841036083158686,7.200059493298066,0.08066568415997338
41.692955904456724,4.780780392148339,1.607698252728144,6.091997862876692,0.12416962315826648
43.82158991037527,4.82327408158933,1.7541343198372947,7.606947242938599,0.10000748181559477
36.48709887589643,4.2599779402357445,3.4631188532181634,9.00163182520856,0.014870988758964287
28.328819196831457,4.482407874665795,0.4579435302507058,9.393454527524431,0.008130847046239413
31.467136864333227,8.197294341009433,2.3623483248805544,8.710549102297785,0.04394588682018867
42.06508966508357,6.121838895882478,1.3562762402998223,8.429340822801734,0.07308767456848525
21.83064329012764,4.409039363941679,1.6436644522015047,8.379639648385966,0.0
33.686733088729014,6.393908809021472,1.477243877349379,7.443881253239219,0.024561738583252862
26.066611876726395,4.33236102048798,1.2878818333009783,7.86993970644638,0.0039018088066085977
30.287448229348175,7.346249275173283,1.2150835358806207,9.66906952582633,0.026924985503465653
42.78451862607299,5.739284384396187,1.6647543677865047,7.057441994208124,0.10612192643448616
31.910990680199035,4.7853957119915425,0.7414131516641604,9.61477879070985,0.0038788027250375935
30.464365481561487,5.895433851620555,1.8752895837608827,7.677971845507941,0.00966084463476176
16.401438590200808,1.8582476958630014,1.291902797557373,9.325432109095079,0.0
37.46253566027221,2.7464650621803894,0.9349653304798211,6.593184990502461,0.06780532693045094
36.45484181141075,2.612149987201889,1.2749935710020932,8.585904201164649,0.014548418114107519
51.6325472330546,5.285886189527414,2.128574608431286,7.263229864052378,0.18842857640897467
26.922217650469992,8.465029998970184,1.2323324564918885,6.584732808075812,0.09175861573712933
32.19150327663939,9.462600292385265,1.6792268091048101,8.218534042410946,0.06925200584770529
32.49383683710755,6.276102202881514,1.1345218621422632,9.009471788595969,0.005522044057630282
45.77453279763475,6.001688949888914,1.8789609249618098,7.155058561406504,0.13312735013193064
29.04704467613048,1.397884531694522,1.842753869395102,6.500984039541599,0.044970478813752025
32.790215257703395,3.9146524005319563,2.424304416648206,7.908155235665045,0.002755342930048661
36.078965097165394,3.424432496183522,1.4122180272503924,7.912564671222819,0.013412710834969364
31.86609123156358,3.7583048034977677,1.8343274023789533,8.548319627554498,0.0
25.535663854494718,4.663712362830421,1.5490337697694723,8.949594571364488,0.0
31.940899928983075,4.055818844605746,2.147935890931507,7.940584818727506,0.0017824554381748303
40.73631749859772,1.0414003792484245,1.1405838061956348,9.855503314794262,0.05736317498597721
19.7348470058894,6.495820512235068,1.8725026564386407,8.224234744535291,0.009916410244701357
31.32969674146876,2.854513948520387,1.4026513519416592,7.6535734939931,0.010392795180206988
22.998791850608267,5.478493728222299,1.467905911445751,6.388432640897172,0.04834702077308485
41.950466289248425,9.148165339499947,1.5458762422241865,7.737340479683832,0.14034775529196822
14.768130952162252,3.1612308168271532,1.6261201982133386,7.663613054588864,0.010091608362334083
24.410781527284115,-0.06057504549265946,1.441885478439021,8.96030479628147,0.0
33.772118750645205,4.427991556239778,1.6073565915852632,8.462483624066854,0.0
45.65524029234341,7.201919269997142,2.289059028781092,6.820630878367383,0.16597186197235544
29.34249738927012,8.916694908441187,1.9927248428076092,8.172254386411037,0.058333898168823735
24.448004733068018,2.5409008110951663,1.9345772962484482,8.671531171729054,0.0
48.8115706944059,5.993398446473043,1.2722302369880647,9.528031359387832,0.138115706944059
15.51986099583756,4.069379086439893,1.055379585885838,8.887503967414059,0.0
8.011940433799182,4.788103291391729,1.9776502791188764,8.760846654311479,0.0
34.40014450053332,10.28868669403407,1.9380233962648972,8.060085994615164,0.0857737338806814
24.979457756473888,1.9940593432096936,2.236335337875491,8.38831200542345,0.0
19.78767182869287,5.5074793229891466,1.1980096870153853,9.249504900706158,0.0
37.08356447299353,5.935386343530866,1.3852256723198264,6.667222602520351,0.06081896665432478
32.43800713771199,7.171572649878694,0.6802579187372829,7.650560672783044,0.03871076403302332
24.359213692632714,5.1959663069417905,1.3037644469695635,7.227431251243759,0.02317706246268722
17.196956013291057,5.616101079008205,1.9982852552897237,8.379153118726125,0.0
38.724573282801444,4.216702865156417,1.266752310385901,9.230222175650788,0.03724573282801444
36.50201177958661,5.538253882490214,1.820239897600412,7.403025713278926,0.03292934639749832
29.00824136220617,4.313615449005179,1.4047484470010942,5.609695632530562,0.07170913102408315
48.466369960476655,6.243143779712102,1.6620285141107802,7.58777925497553,0.1518931975497427
19.299152336738473,4.260779327912732,0.9261543050921663,8.913473732017406,0.001107685423617505
14.74474829075261,5.754200787804373,1.5426047248169505,8.53762990294988,0.0
23.080919301187556,4.941474372630044,0.0044320145496383745,8.428186247810576,0.014933519781755424
29.544139836445023,7.252100501544336,1.4065519209190076,7.720006698125521,0.033441809087121105
32.43339449322692,4.897212552823028,0.6847633781424299,6.720969263780214,0.04309947141445713
27.587639421436702,1.4539350635862371,2.102997258273408,8.515294321624467,0.0
33.520553965142966,7.523843001427983,1.8887036763822556,7.165718189965375,0.05550531432959842
17.48460575809556,3.1885353982747624,1.7333354909830405,10.184096733380457,0.0
44.437646040732595,3.6924673227023606,2.26050311357969,8.570507208354517,0.09437646040732595
29.178488216074314,3.808677411913016,1.0255417395875814,7.419351697446049,0.017419449076618524
41.172958315881274,7.748876186341635,2.373681598957779,7.388614752611372,0.11504866430730427
33.42725346377704,0.728651572042609,1.9660957821301923,7.907055793386411,0.0027883261984076578
34.567532191537836,11.275497067319987,1.381722356390527,7.760498077978251,0.11269499900705224
35.69767280232204,7.112113618132104,2.067810073591472,9.116833775529955,0.029219000385862462
34.47708560017315,5.4464778282583195,0.9468532437941829,8.186416169744046,0.0007972013430872565
36.42722759867544,4.890211998767427,1.0877429192361632,7.268368261091472,0.036221228154010215
43.29152530132431,5.571108149715314,1.1957051383801498,9.890440685155783,0.08291525301324314
31.965211697014702,6.042244856758677,1.2355111459679924,8.049308331520223,0.0008448971351735324
37.09003757588512,6.290431171900114,0.9717211786198736,8.768839675968897,0.027133181517555362
29.102643057127732,6.111208932006897,2.1115415335476624,7.391773492555241,0.020470973863480717
44.40117215449473,5.179161362510498,1.370572799815084,8.363115627744524,0.0940117215449473
23.2360769794073,4.605323159385348,1.6762524841784399,8.311109991143196,0.0
48.00940432910816,4.697453432692977,1.2148243167931598,6.110350707903847,0.18678352205396617
29.598420493556567,4.610183439294638,0.5896983497257414,10.01527511046064,0.00615452475411388
15.692248978819519,7.2675401937341295,1.635028679195711,9.290644460922547,0.025350803874682592
31.281044149107892,6.1871134445617235,0.5438725122901116,7.602804683854012,0.02250004069126242
23.18948342525119,-0.8807772693285605,1.4656829769572657,6.8977302595441445,0.03306809221367566
38.406435489887244,6.311801553059522,0.8158424805835948,8.347561613803553,0.04306274875130895
23.473760206976092,5.389472389437549,2.493637999615404,8.086697699414396,0.0
25.538165667852205,4.962582487108206,1.955681361087361,8.35566894856323,0.0
11.104592690544692,4.222963093822228,1.5528768956357402,8.19157739619409,0.0
25.476936807509233,7.2482254399720265,2.131853338827334,8.506240989305926,0.02496450879944053
5.761206733710434,6.895052924245716,1.0768420112671322,9.447305699391807,0.01790105848491432
14.160971765142767,3.4542446643527818,1.7717396893350466,8.568103205128645,0.0
37.604146561442974,5.81410457424907,1.5999052168593568,6.950344501090059,0.05753113058172798
37.85800158650832,3.0566865309174283,1.632010040666835,9.362562852712452,0.028580015865083228
34.254575617849646,2.240763670422139,2.1361767500533837,9.640614563488288,0.0
20.33023856870787,3.74656555082007,1.866246051389901,11.152056734512085,0.0
29.5228864385802,6.724786944765517,1.6443618314125117,6.876505966760402,0.04820055989249828
29.963974609094315,6.906250090752174,0.6725562818858519,8.242882013150275,0.023036657586755695
18.416353108074574,6.026170840194586,1.0199768523602681,5.917901296811013,0.06298637789956135
45.0339830176715,6.450191573695994,1.438645533202138,8.55314915637921,0.1093436616506349
38.77362290575671,6.032356574229917,1.5466861871383255,7.451799701833227,0.05482936948716862
27.79035826170336,3.7170368095540955,0.9348981376630381,9.923445794824953,0.0009765279350544287
30.268858389945308,5.8638450893478815,2.705838337789211,7.225385029981418,0.02323844910055745
32.08382807947552,6.600819050455365,2.258197027626786,6.310816962032739,0.06269187214812513
9.582651315757094,6.508582659627148,1.8010591601962418,7.528736259297481,0.02430956541361854
27.528226174794032,7.377826742949286,1.5360184306418723,6.0245122287828625,0.08682116799549984
23.180157520022014,6.416607694402128,1.393895515049424,8.75109945450731,0.008332153888042555
19.983799901050844,5.702896415083166,1.0240407699888823,5.934916953743679,0.06195249138768963
27.188997071140452,7.140300476632855,1.5387402592594313,8.028457581183158,0.022806009532657098
47.976865268495224,4.9469574815018795,1.6288762700713753,5.922188180143803,0.19210300728063814
36.4084286126701,3.2362506975445644,0.8791197122591878,7.679702195463358,0.02550642457891244
24.28821010217203,4.673866072112472,1.6670882086224488,9.643378155804534,0.0
35.72582781356159,3.510194710387102,1.4223704755876256,8.360647891435795,0.0072582781356158674
